query_id,disaster_type,location,severity,affected_population,infrastructure,timestamp
1,Earthquake,San Francisco Bay Area,HIGH,10000,hospitals;schools;bridges,2024-01-09 14:30:00
2,Flood,Mississippi River Valley,CRITICAL,50000,water_treatment;roads;utilities,2024-01-09 15:45:00
3,Wildfire,Southern California,HIGH,5000,forests;power_lines;residential_areas,2024-01-09 16:20:00
4,Hurricane,Miami-Dade County,CRITICAL,100000,power_grid;water_systems;shelters,2024-01-09 17:00:00
5,Tornado,Oklahoma Panhandle,HIGH,3000,schools;hospitals;residential,2024-01-09 17:30:00
6,Tsunami,Pacific Coast,MODERATE,15000,coastal_infrastructure;evacuation_zones,2024-01-09 18:15:00
7,Landslide,Appalachian Region,MODERATE,2000,roads;utilities;residential,2024-01-09 19:00:00
8,Severe Storm,Great Plains,MODERATE,8000,power_lines;agricultural,2024-01-09 19:45:00
9,Chemical Spill,Industrial Zone,HIGH,5000,water_supply;hospitals;evacuation_areas,2024-01-09 20:30:00
10,Pandemic,Global Urban Centers,HIGH,1000000,hospitals;testing_centers;isolation_facilities,2024-01-09 21:00:00
11,Earthquake,Los Angeles,MODERATE,25000,hospitals;schools;government_buildings,2024-01-10 08:00:00
12,Flood,New Orleans,CRITICAL,75000,water_treatment;roads;hospitals,2024-01-10 09:30:00
13,Wildfire,Oregon,HIGH,4000,forests;residential;power_infrastructure,2024-01-10 10:45:00
14,Hurricane,Tampa Bay,CRITICAL,80000,power_grid;water_systems;airports,2024-01-10 11:20:00
15,Tornado,Kansas,HIGH,2500,schools;hospitals;industrial,2024-01-10 12:00:00
16,Tsunami,Seattle Coast,MODERATE,8000,coastal_areas;maritime_facilities,2024-01-10 13:15:00
17,Landslide,Colorado Mountains,MODERATE,1500,roads;residential;utilities,2024-01-10 14:00:00
18,Severe Storm,New England,LOW,5000,power_lines;transportation,2024-01-10 15:30:00
19,Chemical Spill,Houston,HIGH,7000,water_supply;industrial_areas;hospitals,2024-01-10 16:45:00
20,Pandemic,New York City,HIGH,800000,hospitals;transit_systems;testing_centers,2024-01-10 17:00:00
